CustomerID,Actual_Churn,Predicted_Churn,Churn_Probability,Risk_Tier,Correct_Prediction,Model_Used
2196,0,0,0.0555,Low,1,Random Forest
3549,0,1,0.7851,High,0,Random Forest
3515,0,0,0.1102,Low,1,Random Forest
5162,0,1,0.6881,High,0,Random Forest
4642,0,0,0.0301,Low,1,Random Forest
6096,0,1,0.6561,High,0,Random Forest
4504,0,1,0.5434,Medium,0,Random Forest
4067,0,0,0.1212,Low,1,Random Forest
6233,0,0,0.005,Low,1,Random Forest
430,1,1,0.5473,Medium,1,Random Forest
3396,0,0,0.1702,Low,1,Random Forest
2815,0,0,0.0357,Low,1,Random Forest
2368,0,0,0.3651,Medium,1,Random Forest
917,1,1,0.8348,High,1,Random Forest
5769,0,0,0.1798,Low,1,Random Forest
2231,0,0,0.0714,Low,1,Random Forest
6375,0,0,0.0307,Low,1,Random Forest
3437,0,0,0.4959,Medium,1,Random Forest
6655,0,0,0.2202,Low,1,Random Forest
5822,0,0,0.1285,Low,1,Random Forest
1727,1,1,0.7347,High,1,Random Forest
2787,0,1,0.5058,Medium,0,Random Forest
3060,0,0,0.0231,Low,1,Random Forest
5617,0,0,0.0132,Low,1,Random Forest
5843,0,0,0.4749,Medium,1,Random Forest
4802,0,0,0.2267,Low,1,Random Forest
186,1,1,0.8695,High,1,Random Forest
1615,1,1,0.6687,High,1,Random Forest
6321,0,0,0.0505,Low,1,Random Forest
1459,1,1,0.9168,High,1,Random Forest
3227,0,1,0.6353,High,0,Random Forest
6997,0,0,0.4307,Medium,1,Random Forest
5074,0,0,0.0074,Low,1,Random Forest
4494,0,0,0.015,Low,1,Random Forest
89,1,1,0.9182,High,1,Random Forest
4544,0,0,0.1434,Low,1,Random Forest
240,1,1,0.5392,Medium,1,Random Forest
4603,0,0,0.003,Low,1,Random Forest
1760,1,1,0.8783,High,1,Random Forest
648,1,0,0.328,Medium,0,Random Forest
5450,0,0,0.0168,Low,1,Random Forest
3732,0,1,0.8676,High,0,Random Forest
5850,0,1,0.6375,High,0,Random Forest
2989,0,0,0.1782,Low,1,Random Forest
4608,0,0,0.1361,Low,1,Random Forest
223,1,1,0.5878,Medium,1,Random Forest
4464,0,1,0.844,High,0,Random Forest
6368,0,0,0.3215,Medium,1,Random Forest
4296,0,0,0.0069,Low,1,Random Forest
134,1,1,0.603,High,1,Random Forest
2637,0,0,0.0144,Low,1,Random Forest
590,1,1,0.7733,High,1,Random Forest
6390,0,0,0.2242,Low,1,Random Forest
4836,0,0,0.3734,Medium,1,Random Forest
3533,0,0,0.4152,Medium,1,Random Forest
1665,1,1,0.8198,High,1,Random Forest
6258,0,0,0.0722,Low,1,Random Forest
6001,0,0,0.0399,Low,1,Random Forest
5992,0,0,0.0781,Low,1,Random Forest
3692,0,0,0.0031,Low,1,Random Forest
5496,0,0,0.0155,Low,1,Random Forest
1334,1,0,0.0797,Low,0,Random Forest
2532,0,0,0.0986,Low,1,Random Forest
1963,0,0,0.2287,Low,1,Random Forest
891,1,1,0.5554,Medium,1,Random Forest
881,1,0,0.4867,Medium,0,Random Forest
1862,1,0,0.2781,Low,0,Random Forest
829,1,0,0.2999,Low,0,Random Forest
1578,1,0,0.2297,Low,0,Random Forest
1387,1,1,0.8151,High,1,Random Forest
5383,0,0,0.003,Low,1,Random Forest
5152,0,0,0.0663,Low,1,Random Forest
75,1,1,0.7357,High,1,Random Forest
4906,0,0,0.1191,Low,1,Random Forest
4600,0,0,0.0427,Low,1,Random Forest
3136,0,0,0.0481,Low,1,Random Forest
5709,0,0,0.0662,Low,1,Random Forest
387,1,1,0.6486,High,1,Random Forest
4245,0,0,0.2129,Low,1,Random Forest
5211,0,0,0.0168,Low,1,Random Forest
4240,0,0,0.0357,Low,1,Random Forest
2622,0,0,0.0283,Low,1,Random Forest
414,1,0,0.3182,Medium,0,Random Forest
158,1,1,0.8932,High,1,Random Forest
5391,0,0,0.0327,Low,1,Random Forest
4707,0,0,0.4185,Medium,1,Random Forest
6514,0,1,0.8464,High,0,Random Forest
834,1,1,0.5895,Medium,1,Random Forest
1204,1,1,0.6228,High,1,Random Forest
6641,0,0,0.149,Low,1,Random Forest
1048,1,1,0.6685,High,1,Random Forest
2945,0,1,0.5007,Medium,0,Random Forest
3542,0,0,0.0138,Low,1,Random Forest
525,1,1,0.7686,High,1,Random Forest
617,1,1,0.5054,Medium,1,Random Forest
5359,0,0,0.0698,Low,1,Random Forest
6643,0,1,0.5418,Medium,0,Random Forest
6972,0,0,0.0191,Low,1,Random Forest
349,1,1,0.7345,High,1,Random Forest
5667,0,0,0.2352,Low,1,Random Forest
637,1,1,0.7557,High,1,Random Forest
588,1,1,0.8495,High,1,Random Forest
2023,0,0,0.3697,Medium,1,Random Forest
431,1,0,0.4391,Medium,0,Random Forest
261,1,0,0.4602,Medium,0,Random Forest
6730,0,0,0.0071,Low,1,Random Forest
6068,0,0,0.1339,Low,1,Random Forest
2722,0,0,0.0556,Low,1,Random Forest
6528,0,0,0.0336,Low,1,Random Forest
4529,0,0,0.1013,Low,1,Random Forest
2662,0,0,0.0261,Low,1,Random Forest
4797,0,1,0.7768,High,0,Random Forest
4205,0,0,0.2952,Low,1,Random Forest
6384,0,1,0.5203,Medium,0,Random Forest
47,1,1,0.71,High,1,Random Forest
5326,0,0,0.0581,Low,1,Random Forest
915,1,1,0.7486,High,1,Random Forest
2739,0,0,0.4993,Medium,1,Random Forest
3053,0,0,0.0456,Low,1,Random Forest
3086,0,0,0.0156,Low,1,Random Forest
3473,0,0,0.1122,Low,1,Random Forest
470,1,1,0.8898,High,1,Random Forest
3554,0,0,0.0339,Low,1,Random Forest
3019,0,0,0.0681,Low,1,Random Forest
1416,1,1,0.8738,High,1,Random Forest
6435,0,0,0.0327,Low,1,Random Forest
519,1,1,0.5884,Medium,1,Random Forest
5712,0,0,0.4108,Medium,1,Random Forest
999,1,1,0.8516,High,1,Random Forest
4961,0,0,0.1839,Low,1,Random Forest
1689,1,0,0.3275,Medium,0,Random Forest
1362,1,0,0.4141,Medium,0,Random Forest
2373,0,0,0.2235,Low,1,Random Forest
2092,0,0,0.2068,Low,1,Random Forest
5625,0,0,0.0705,Low,1,Random Forest
6424,0,0,0.4284,Medium,1,Random Forest
3537,0,0,0.1131,Low,1,Random Forest
5415,0,0,0.232,Low,1,Random Forest
4991,0,0,0.0233,Low,1,Random Forest
102,1,0,0.4899,Medium,0,Random Forest
2638,0,0,0.0102,Low,1,Random Forest
7013,0,0,0.1776,Low,1,Random Forest
2432,0,1,0.8569,High,0,Random Forest
3622,0,0,0.0442,Low,1,Random Forest
4613,0,0,0.0366,Low,1,Random Forest
3896,0,0,0.1151,Low,1,Random Forest
3904,0,0,0.1832,Low,1,Random Forest
25,1,0,0.1603,Low,0,Random Forest
3200,0,1,0.6678,High,0,Random Forest
2745,0,0,0.2391,Low,1,Random Forest
3850,0,0,0.0817,Low,1,Random Forest
4874,0,1,0.655,High,0,Random Forest
6457,0,0,0.1911,Low,1,Random Forest
4262,0,0,0.4351,Medium,1,Random Forest
1337,1,1,0.8291,High,1,Random Forest
3630,0,0,0.2237,Low,1,Random Forest
5400,0,1,0.7783,High,0,Random Forest
44,1,1,0.5428,Medium,1,Random Forest
796,1,1,0.6242,High,1,Random Forest
656,1,1,0.5844,Medium,1,Random Forest
5453,0,0,0.1114,Low,1,Random Forest
3443,0,0,0.2146,Low,1,Random Forest
4968,0,0,0.0023,Low,1,Random Forest
3238,0,0,0.0036,Low,1,Random Forest
4218,0,0,0.2301,Low,1,Random Forest
975,1,0,0.2779,Low,0,Random Forest
6699,0,0,0.0828,Low,1,Random Forest
843,1,0,0.3119,Medium,0,Random Forest
4348,0,0,0.1101,Low,1,Random Forest
4929,0,0,0.0668,Low,1,Random Forest
5237,0,1,0.6015,High,0,Random Forest
579,1,1,0.8967,High,1,Random Forest
3193,0,0,0.0813,Low,1,Random Forest
657,1,0,0.307,Medium,0,Random Forest
2015,0,1,0.6311,High,0,Random Forest
2286,0,1,0.8809,High,0,Random Forest
6040,0,0,0.0118,Low,1,Random Forest
3827,0,0,0.0142,Low,1,Random Forest
3786,0,1,0.5934,Medium,0,Random Forest
4851,0,0,0.2553,Low,1,Random Forest
404,1,1,0.8625,High,1,Random Forest
5582,0,0,0.118,Low,1,Random Forest
1092,1,1,0.8504,High,1,Random Forest
53,1,0,0.4659,Medium,0,Random Forest
3591,0,0,0.0084,Low,1,Random Forest
6954,0,0,0.4979,Medium,1,Random Forest
2122,0,0,0.0855,Low,1,Random Forest
1857,1,1,0.5241,Medium,1,Random Forest
2544,0,0,0.1863,Low,1,Random Forest
6334,0,0,0.0232,Low,1,Random Forest
4027,0,0,0.3864,Medium,1,Random Forest
7022,0,1,0.5938,Medium,0,Random Forest
702,1,1,0.772,High,1,Random Forest
6649,0,0,0.0198,Low,1,Random Forest
4034,0,0,0.3706,Medium,1,Random Forest
4427,0,1,0.6193,High,0,Random Forest
6621,0,0,0.4755,Medium,1,Random Forest
6005,0,0,0.3684,Medium,1,Random Forest
3975,0,1,0.5692,Medium,0,Random Forest
3411,0,0,0.3159,Medium,1,Random Forest
5147,0,0,0.2453,Low,1,Random Forest
4260,0,0,0.0058,Low,1,Random Forest
4773,0,0,0.0381,Low,1,Random Forest
4582,0,0,0.1025,Low,1,Random Forest
5989,0,0,0.3459,Medium,1,Random Forest
5615,0,0,0.253,Low,1,Random Forest
5505,0,0,0.1987,Low,1,Random Forest
4237,0,0,0.1584,Low,1,Random Forest
4359,0,0,0.3139,Medium,1,Random Forest
6081,0,0,0.0204,Low,1,Random Forest
1088,1,0,0.2306,Low,0,Random Forest
4937,0,1,0.5651,Medium,0,Random Forest
1010,1,0,0.3683,Medium,0,Random Forest
2861,0,0,0.0199,Low,1,Random Forest
1874,0,0,0.0544,Low,1,Random Forest
5565,0,0,0.4854,Medium,1,Random Forest
2673,0,0,0.0274,Low,1,Random Forest
5163,0,1,0.7229,High,0,Random Forest
1411,1,1,0.7393,High,1,Random Forest
1001,1,0,0.1616,Low,0,Random Forest
5334,0,0,0.3996,Medium,1,Random Forest
4020,0,0,0.2071,Low,1,Random Forest
5214,0,0,0.3659,Medium,1,Random Forest
3016,0,0,0.1339,Low,1,Random Forest
5745,0,1,0.8898,High,0,Random Forest
2884,0,0,0.0599,Low,1,Random Forest
4987,0,0,0.0144,Low,1,Random Forest
5223,0,0,0.1646,Low,1,Random Forest
1350,1,1,0.736,High,1,Random Forest
2131,0,1,0.9049,High,0,Random Forest
2932,0,0,0.1153,Low,1,Random Forest
1032,1,1,0.7994,High,1,Random Forest
5379,0,1,0.7878,High,0,Random Forest
3824,0,0,0.0329,Low,1,Random Forest
598,1,1,0.8417,High,1,Random Forest
985,1,1,0.827,High,1,Random Forest
1812,1,0,0.4837,Medium,0,Random Forest
1983,0,0,0.3044,Medium,1,Random Forest
4212,0,0,0.1646,Low,1,Random Forest
5463,0,1,0.7902,High,0,Random Forest
795,1,1,0.7604,High,1,Random Forest
830,1,1,0.7778,High,1,Random Forest
5103,0,0,0.1774,Low,1,Random Forest
5212,0,0,0.1683,Low,1,Random Forest
879,1,0,0.498,Medium,0,Random Forest
662,1,1,0.5901,Medium,1,Random Forest
1404,1,1,0.6608,High,1,Random Forest
6480,0,0,0.0434,Low,1,Random Forest
2609,0,0,0.074,Low,1,Random Forest
4868,0,1,0.6364,High,0,Random Forest
3175,0,0,0.0348,Low,1,Random Forest
4830,0,0,0.1668,Low,1,Random Forest
2935,0,0,0.2839,Low,1,Random Forest
6814,0,0,0.0149,Low,1,Random Forest
1450,1,0,0.4213,Medium,0,Random Forest
6823,0,0,0.025,Low,1,Random Forest
4625,0,0,0.0746,Low,1,Random Forest
6137,0,0,0.4023,Medium,1,Random Forest
6039,0,0,0.2263,Low,1,Random Forest
3985,0,1,0.5177,Medium,0,Random Forest
4685,0,1,0.577,Medium,0,Random Forest
4061,0,0,0.1659,Low,1,Random Forest
2405,0,0,0.0188,Low,1,Random Forest
5321,0,0,0.1885,Low,1,Random Forest
762,1,1,0.8,High,1,Random Forest
1217,1,0,0.1648,Low,0,Random Forest
124,1,1,0.7448,High,1,Random Forest
2844,0,0,0.0475,Low,1,Random Forest
4581,0,0,0.4512,Medium,1,Random Forest
6025,0,1,0.6151,High,0,Random Forest
6857,0,1,0.5732,Medium,0,Random Forest
4925,0,0,0.0203,Low,1,Random Forest
4700,0,1,0.5724,Medium,0,Random Forest
6396,0,0,0.3231,Medium,1,Random Forest
4739,0,0,0.0239,Low,1,Random Forest
6145,0,1,0.812,High,0,Random Forest
619,1,1,0.8283,High,1,Random Forest
3502,0,1,0.8097,High,0,Random Forest
623,1,1,0.8923,High,1,Random Forest
2254,0,0,0.1829,Low,1,Random Forest
4459,0,1,0.6515,High,0,Random Forest
5564,0,0,0.1637,Low,1,Random Forest
2381,0,1,0.6877,High,0,Random Forest
4675,0,0,0.0321,Low,1,Random Forest
5546,0,1,0.7755,High,0,Random Forest
607,1,1,0.7953,High,1,Random Forest
1316,1,0,0.344,Medium,0,Random Forest
4578,0,0,0.1203,Low,1,Random Forest
569,1,1,0.8119,High,1,Random Forest
5914,0,0,0.0104,Low,1,Random Forest
5425,0,0,0.3429,Medium,1,Random Forest
2770,0,0,0.135,Low,1,Random Forest
4973,0,0,0.0179,Low,1,Random Forest
5605,0,0,0.1025,Low,1,Random Forest
5052,0,0,0.0805,Low,1,Random Forest
3707,0,0,0.2156,Low,1,Random Forest
2536,0,0,0.4656,Medium,1,Random Forest
143,1,0,0.1976,Low,0,Random Forest
2382,0,0,0.0318,Low,1,Random Forest
6668,0,0,0.0818,Low,1,Random Forest
4429,0,0,0.0034,Low,1,Random Forest
1513,1,0,0.3621,Medium,0,Random Forest
4012,0,1,0.7136,High,0,Random Forest
4323,0,0,0.0618,Low,1,Random Forest
1633,1,1,0.8494,High,1,Random Forest
6324,0,0,0.2778,Low,1,Random Forest
2858,0,0,0.1064,Low,1,Random Forest
4828,0,0,0.1071,Low,1,Random Forest
3845,0,0,0.2536,Low,1,Random Forest
2840,0,0,0.1801,Low,1,Random Forest
2093,0,1,0.7907,High,0,Random Forest
6295,0,1,0.7186,High,0,Random Forest
3036,0,0,0.0982,Low,1,Random Forest
4792,0,0,0.0452,Low,1,Random Forest
4936,0,0,0.1069,Low,1,Random Forest
4740,0,0,0.0389,Low,1,Random Forest
5911,0,0,0.1009,Low,1,Random Forest
6623,0,0,0.0712,Low,1,Random Forest
495,1,1,0.566,Medium,1,Random Forest
826,1,1,0.7931,High,1,Random Forest
3863,0,1,0.7303,High,0,Random Forest
6510,0,1,0.9094,High,0,Random Forest
840,1,0,0.4441,Medium,0,Random Forest
3974,0,0,0.214,Low,1,Random Forest
7035,0,1,0.5467,Medium,0,Random Forest
3014,0,0,0.0991,Low,1,Random Forest
969,1,0,0.1933,Low,0,Random Forest
5009,0,0,0.2996,Low,1,Random Forest
2535,0,0,0.219,Low,1,Random Forest
6606,0,0,0.0277,Low,1,Random Forest
4005,0,0,0.2585,Low,1,Random Forest
528,1,0,0.2749,Low,0,Random Forest
5902,0,0,0.1275,Low,1,Random Forest
2701,0,0,0.115,Low,1,Random Forest
5692,0,0,0.004,Low,1,Random Forest
5124,0,0,0.024,Low,1,Random Forest
280,1,1,0.7901,High,1,Random Forest
5544,0,0,0.217,Low,1,Random Forest
6199,0,0,0.0038,Low,1,Random Forest
4196,0,0,0.0078,Low,1,Random Forest
4021,0,0,0.0099,Low,1,Random Forest
200,1,1,0.9176,High,1,Random Forest
6007,0,0,0.3706,Medium,1,Random Forest
1237,1,0,0.3965,Medium,0,Random Forest
1782,1,1,0.8895,High,1,Random Forest
1840,1,0,0.119,Low,0,Random Forest
6979,0,0,0.0145,Low,1,Random Forest
397,1,1,0.7875,High,1,Random Forest
5136,0,0,0.2724,Low,1,Random Forest
287,1,1,0.6094,High,1,Random Forest
6355,0,0,0.0605,Low,1,Random Forest
1015,1,0,0.1254,Low,0,Random Forest
7037,0,0,0.1979,Low,1,Random Forest
6210,0,0,0.45,Medium,1,Random Forest
6158,0,0,0.0034,Low,1,Random Forest
4324,0,0,0.2497,Low,1,Random Forest
4680,0,0,0.1738,Low,1,Random Forest
3777,0,0,0.4733,Medium,1,Random Forest
5263,0,0,0.052,Low,1,Random Forest
732,1,1,0.8663,High,1,Random Forest
482,1,1,0.7148,High,1,Random Forest
6077,0,0,0.0296,Low,1,Random Forest
4819,0,0,0.0816,Low,1,Random Forest
4635,0,0,0.3035,Medium,1,Random Forest
4302,0,0,0.2323,Low,1,Random Forest
1729,1,0,0.1351,Low,0,Random Forest
4057,0,0,0.3504,Medium,1,Random Forest
2699,0,0,0.0811,Low,1,Random Forest
4899,0,0,0.0254,Low,1,Random Forest
3576,0,0,0.4237,Medium,1,Random Forest
1580,1,1,0.7632,High,1,Random Forest
5169,0,1,0.6525,High,0,Random Forest
2449,0,1,0.6543,High,0,Random Forest
4928,0,0,0.4178,Medium,1,Random Forest
709,1,0,0.3654,Medium,0,Random Forest
6338,0,0,0.1713,Low,1,Random Forest
4406,0,0,0.1798,Low,1,Random Forest
2101,0,1,0.638,High,0,Random Forest
629,1,0,0.1944,Low,0,Random Forest
2783,0,0,0.0324,Low,1,Random Forest
4377,0,0,0.0648,Low,1,Random Forest
6452,0,0,0.3582,Medium,1,Random Forest
5933,0,0,0.0205,Low,1,Random Forest
4941,0,1,0.7224,High,0,Random Forest
415,1,0,0.4075,Medium,0,Random Forest
5930,0,0,0.2825,Low,1,Random Forest
1677,1,0,0.3738,Medium,0,Random Forest
1354,1,1,0.8931,High,1,Random Forest
6762,0,0,0.0276,Low,1,Random Forest
15,1,0,0.3898,Medium,0,Random Forest
3385,0,0,0.0317,Low,1,Random Forest
2472,0,0,0.1656,Low,1,Random Forest
1878,0,1,0.5511,Medium,0,Random Forest
2528,0,0,0.0596,Low,1,Random Forest
6362,0,0,0.3207,Medium,1,Random Forest
5314,0,0,0.1471,Low,1,Random Forest
6564,0,0,0.0416,Low,1,Random Forest
5887,0,0,0.0344,Low,1,Random Forest
2578,0,0,0.0175,Low,1,Random Forest
406,1,1,0.5413,Medium,1,Random Forest
3117,0,0,0.0576,Low,1,Random Forest
4955,0,0,0.4216,Medium,1,Random Forest
3083,0,0,0.2168,Low,1,Random Forest
3855,0,0,0.3168,Medium,1,Random Forest
2822,0,0,0.0258,Low,1,Random Forest
3931,0,0,0.4517,Medium,1,Random Forest
165,1,0,0.0751,Low,0,Random Forest
6169,0,0,0.4035,Medium,1,Random Forest
1293,1,1,0.8101,High,1,Random Forest
6834,0,0,0.0703,Low,1,Random Forest
1482,1,0,0.3333,Medium,0,Random Forest
1256,1,1,0.8028,High,1,Random Forest
1220,1,1,0.7842,High,1,Random Forest
1271,1,1,0.7701,High,1,Random Forest
4631,0,0,0.2935,Low,1,Random Forest
1873,0,0,0.4082,Medium,1,Random Forest
6087,0,0,0.2802,Low,1,Random Forest
1323,1,1,0.9089,High,1,Random Forest
998,1,0,0.0993,Low,0,Random Forest
605,1,0,0.374,Medium,0,Random Forest
2006,0,0,0.1236,Low,1,Random Forest
5984,0,0,0.2135,Low,1,Random Forest
2639,0,1,0.53,Medium,0,Random Forest
848,1,0,0.4768,Medium,0,Random Forest
3865,0,0,0.0122,Low,1,Random Forest
2443,0,1,0.5002,Medium,0,Random Forest
6521,0,0,0.4623,Medium,1,Random Forest
6044,0,1,0.8133,High,0,Random Forest
1996,0,0,0.0126,Low,1,Random Forest
3789,0,0,0.0024,Low,1,Random Forest
2170,0,0,0.0228,Low,1,Random Forest
5681,0,0,0.4456,Medium,1,Random Forest
6360,0,0,0.2872,Low,1,Random Forest
4781,0,0,0.3823,Medium,1,Random Forest
5026,0,0,0.2365,Low,1,Random Forest
1635,1,1,0.8957,High,1,Random Forest
2492,0,0,0.1019,Low,1,Random Forest
2475,0,0,0.0804,Low,1,Random Forest
6118,0,0,0.3114,Medium,1,Random Forest
3017,0,0,0.3233,Medium,1,Random Forest
6379,0,0,0.2517,Low,1,Random Forest
1824,1,1,0.516,Medium,1,Random Forest
3400,0,0,0.3285,Medium,1,Random Forest
5732,0,0,0.3863,Medium,1,Random Forest
1116,1,0,0.1933,Low,0,Random Forest
2379,0,0,0.3674,Medium,1,Random Forest
3696,0,0,0.035,Low,1,Random Forest
2729,0,0,0.0874,Low,1,Random Forest
3440,0,1,0.6584,High,0,Random Forest
4062,0,1,0.8029,High,0,Random Forest
4666,0,1,0.6996,High,0,Random Forest
4648,0,0,0.128,Low,1,Random Forest
6991,0,0,0.3226,Medium,1,Random Forest
5171,0,0,0.3411,Medium,1,Random Forest
6702,0,1,0.898,High,0,Random Forest
2812,0,0,0.0058,Low,1,Random Forest
1641,1,1,0.5527,Medium,1,Random Forest
2428,0,0,0.0125,Low,1,Random Forest
3439,0,0,0.0255,Low,1,Random Forest
1557,1,0,0.4121,Medium,0,Random Forest
5044,0,0,0.0286,Low,1,Random Forest
581,1,0,0.2599,Low,0,Random Forest
3693,0,0,0.1662,Low,1,Random Forest
4165,0,0,0.0775,Low,1,Random Forest
6826,0,0,0.0071,Low,1,Random Forest
3165,0,0,0.1313,Low,1,Random Forest
3362,0,0,0.0845,Low,1,Random Forest
2273,0,1,0.5673,Medium,0,Random Forest
5288,0,0,0.1631,Low,1,Random Forest
2793,0,0,0.16,Low,1,Random Forest
1791,1,0,0.4379,Medium,0,Random Forest
6974,0,0,0.2303,Low,1,Random Forest
2469,0,0,0.2691,Low,1,Random Forest
4834,0,0,0.1458,Low,1,Random Forest
4977,0,0,0.1028,Low,1,Random Forest
6596,0,0,0.0022,Low,1,Random Forest
3775,0,0,0.1884,Low,1,Random Forest
3547,0,1,0.5898,Medium,0,Random Forest
112,1,1,0.806,High,1,Random Forest
494,1,1,0.8096,High,1,Random Forest
4495,0,1,0.6459,High,0,Random Forest
4304,0,1,0.5437,Medium,0,Random Forest
6141,0,0,0.0033,Low,1,Random Forest
674,1,0,0.2965,Low,0,Random Forest
3025,0,1,0.6808,High,0,Random Forest
4019,0,0,0.0261,Low,1,Random Forest
3603,0,0,0.0275,Low,1,Random Forest
3234,0,0,0.0343,Low,1,Random Forest
284,1,1,0.8956,High,1,Random Forest
6434,0,0,0.3996,Medium,1,Random Forest
2343,0,1,0.7416,High,0,Random Forest
4562,0,1,0.8432,High,0,Random Forest
3944,0,0,0.1264,Low,1,Random Forest
6071,0,1,0.5588,Medium,0,Random Forest
2635,0,0,0.0138,Low,1,Random Forest
6932,0,1,0.7162,High,0,Random Forest
5792,0,0,0.1092,Low,1,Random Forest
120,1,1,0.7436,High,1,Random Forest
2124,0,0,0.02,Low,1,Random Forest
5015,0,1,0.633,High,0,Random Forest
4163,0,0,0.0259,Low,1,Random Forest
5821,0,0,0.4964,Medium,1,Random Forest
2885,0,1,0.8213,High,0,Random Forest
2601,0,0,0.0029,Low,1,Random Forest
2361,0,0,0.1021,Low,1,Random Forest
2129,0,0,0.0499,Low,1,Random Forest
5179,0,0,0.4998,Medium,1,Random Forest
4844,0,0,0.0322,Low,1,Random Forest
952,1,1,0.5083,Medium,1,Random Forest
3119,0,0,0.0363,Low,1,Random Forest
236,1,1,0.9076,High,1,Random Forest
1119,1,0,0.2761,Low,0,Random Forest
2339,0,0,0.2722,Low,1,Random Forest
3125,0,0,0.0971,Low,1,Random Forest
1012,1,0,0.4411,Medium,0,Random Forest
6988,0,0,0.098,Low,1,Random Forest
4804,0,0,0.0691,Low,1,Random Forest
3257,0,0,0.3035,Medium,1,Random Forest
4722,0,1,0.7139,High,0,Random Forest
3584,0,0,0.338,Medium,1,Random Forest
6818,0,0,0.1387,Low,1,Random Forest
5135,0,0,0.3444,Medium,1,Random Forest
4169,0,0,0.0892,Low,1,Random Forest
1360,1,1,0.7592,High,1,Random Forest
1151,1,0,0.1962,Low,0,Random Forest
252,1,1,0.5511,Medium,1,Random Forest
5286,0,0,0.1707,Low,1,Random Forest
1946,0,0,0.3438,Medium,1,Random Forest
2890,0,0,0.2368,Low,1,Random Forest
4900,0,0,0.0039,Low,1,Random Forest
3424,0,0,0.3183,Medium,1,Random Forest
3087,0,0,0.1348,Low,1,Random Forest
6498,0,0,0.1876,Low,1,Random Forest
1053,1,1,0.8077,High,1,Random Forest
1187,1,0,0.3437,Medium,0,Random Forest
6592,0,0,0.2681,Low,1,Random Forest
3551,0,0,0.2784,Low,1,Random Forest
4360,0,0,0.0134,Low,1,Random Forest
1776,1,1,0.8708,High,1,Random Forest
1240,1,0,0.3479,Medium,0,Random Forest
1620,1,0,0.3769,Medium,0,Random Forest
6461,0,0,0.1306,Low,1,Random Forest
172,1,1,0.8809,High,1,Random Forest
5318,0,0,0.1641,Low,1,Random Forest
1630,1,1,0.7216,High,1,Random Forest
2864,0,0,0.156,Low,1,Random Forest
3232,0,0,0.0711,Low,1,Random Forest
3867,0,0,0.0453,Low,1,Random Forest
5173,0,1,0.7479,High,0,Random Forest
3726,0,0,0.0108,Low,1,Random Forest
1094,1,0,0.1602,Low,0,Random Forest
5541,0,0,0.0134,Low,1,Random Forest
2629,0,1,0.6985,High,0,Random Forest
4485,0,0,0.2515,Low,1,Random Forest
2210,0,0,0.0141,Low,1,Random Forest
5301,0,1,0.8467,High,0,Random Forest
799,1,1,0.7916,High,1,Random Forest
399,1,1,0.5573,Medium,1,Random Forest
2585,0,0,0.1334,Low,1,Random Forest
5238,0,1,0.6272,High,0,Random Forest
2104,0,0,0.258,Low,1,Random Forest
1795,1,0,0.3249,Medium,0,Random Forest
250,1,0,0.3489,Medium,0,Random Forest
3859,0,0,0.0717,Low,1,Random Forest
2464,0,0,0.096,Low,1,Random Forest
1988,0,1,0.6491,High,0,Random Forest
1719,1,1,0.6703,High,1,Random Forest
63,1,1,0.7037,High,1,Random Forest
654,1,1,0.8504,High,1,Random Forest
784,1,1,0.7843,High,1,Random Forest
2070,0,0,0.029,Low,1,Random Forest
3180,0,0,0.3809,Medium,1,Random Forest
224,1,1,0.9037,High,1,Random Forest
931,1,1,0.6062,High,1,Random Forest
6482,0,0,0.0064,Low,1,Random Forest
1471,1,0,0.3338,Medium,0,Random Forest
4659,0,1,0.6045,High,0,Random Forest
2226,0,0,0.1688,Low,1,Random Forest
6868,0,0,0.0167,Low,1,Random Forest
6598,0,0,0.175,Low,1,Random Forest
4652,0,0,0.0078,Low,1,Random Forest
6688,0,1,0.8119,High,0,Random Forest
4072,0,0,0.0138,Low,1,Random Forest
2849,0,0,0.0161,Low,1,Random Forest
3169,0,0,0.0925,Low,1,Random Forest
4570,0,0,0.0748,Low,1,Random Forest
1848,1,1,0.8666,High,1,Random Forest
5966,0,0,0.3651,Medium,1,Random Forest
3278,0,0,0.0718,Low,1,Random Forest
268,1,1,0.6503,High,1,Random Forest
6677,0,0,0.3227,Medium,1,Random Forest
6154,0,1,0.8122,High,0,Random Forest
5592,0,0,0.3758,Medium,1,Random Forest
1853,1,1,0.8484,High,1,Random Forest
464,1,1,0.8522,High,1,Random Forest
5613,0,0,0.0674,Low,1,Random Forest
3454,0,0,0.0122,Low,1,Random Forest
6337,0,0,0.0122,Low,1,Random Forest
1358,1,1,0.5487,Medium,1,Random Forest
2928,0,0,0.0703,Low,1,Random Forest
6756,0,0,0.196,Low,1,Random Forest
1808,1,1,0.5825,Medium,1,Random Forest
1923,0,0,0.0162,Low,1,Random Forest
135,1,1,0.7888,High,1,Random Forest
1933,0,1,0.7672,High,0,Random Forest
5375,0,0,0.0259,Low,1,Random Forest
1378,1,0,0.1361,Low,0,Random Forest
493,1,0,0.4144,Medium,0,Random Forest
6776,0,0,0.3976,Medium,1,Random Forest
4942,0,0,0.0228,Low,1,Random Forest
2029,0,0,0.0193,Low,1,Random Forest
6003,0,0,0.2562,Low,1,Random Forest
2791,0,0,0.2356,Low,1,Random Forest
1253,1,0,0.3967,Medium,0,Random Forest
3350,0,0,0.1429,Low,1,Random Forest
2938,0,0,0.2101,Low,1,Random Forest
4407,0,0,0.0076,Low,1,Random Forest
2233,0,0,0.0255,Low,1,Random Forest
1756,1,1,0.8365,High,1,Random Forest
1070,1,0,0.3158,Medium,0,Random Forest
5831,0,0,0.1189,Low,1,Random Forest
809,1,1,0.9201,High,1,Random Forest
1029,1,1,0.6447,High,1,Random Forest
5290,0,0,0.0027,Low,1,Random Forest
2204,0,0,0.0266,Low,1,Random Forest
1625,1,0,0.1885,Low,0,Random Forest
6781,0,0,0.0276,Low,1,Random Forest
978,1,1,0.9137,High,1,Random Forest
315,1,1,0.6155,High,1,Random Forest
4030,0,1,0.9097,High,0,Random Forest
1044,1,1,0.8317,High,1,Random Forest
1885,0,0,0.0935,Low,1,Random Forest
1475,1,0,0.4948,Medium,0,Random Forest
5305,0,0,0.0324,Low,1,Random Forest
2666,0,1,0.7169,High,0,Random Forest
3661,0,0,0.3174,Medium,1,Random Forest
6402,0,0,0.0745,Low,1,Random Forest
2438,0,0,0.1164,Low,1,Random Forest
1129,1,0,0.1766,Low,0,Random Forest
2540,0,0,0.2283,Low,1,Random Forest
5869,0,0,0.0112,Low,1,Random Forest
2557,0,1,0.7344,High,0,Random Forest
4646,0,0,0.144,Low,1,Random Forest
6789,0,0,0.1991,Low,1,Random Forest
2371,0,0,0.0118,Low,1,Random Forest
6365,0,1,0.5844,Medium,0,Random Forest
4354,0,0,0.349,Medium,1,Random Forest
731,1,1,0.8635,High,1,Random Forest
1339,1,1,0.8759,High,1,Random Forest
244,1,0,0.2569,Low,0,Random Forest
1336,1,1,0.5285,Medium,1,Random Forest
2406,0,0,0.3886,Medium,1,Random Forest
958,1,0,0.1042,Low,0,Random Forest
1447,1,1,0.7994,High,1,Random Forest
446,1,1,0.8933,High,1,Random Forest
2264,0,0,0.0026,Low,1,Random Forest
3710,0,0,0.1284,Low,1,Random Forest
2214,0,0,0.1808,Low,1,Random Forest
2189,0,1,0.5644,Medium,0,Random Forest
3548,0,0,0.0135,Low,1,Random Forest
3626,0,0,0.1942,Low,1,Random Forest
5196,0,0,0.0611,Low,1,Random Forest
4074,0,0,0.0056,Low,1,Random Forest
3222,0,1,0.8412,High,0,Random Forest
4358,0,0,0.0025,Low,1,Random Forest
5451,0,0,0.2071,Low,1,Random Forest
4543,0,1,0.555,Medium,0,Random Forest
5896,0,0,0.0778,Low,1,Random Forest
5071,0,0,0.3374,Medium,1,Random Forest
5156,0,0,0.3542,Medium,1,Random Forest
2797,0,1,0.5068,Medium,0,Random Forest
6477,0,0,0.1994,Low,1,Random Forest
1986,0,0,0.104,Low,1,Random Forest
4468,0,0,0.0874,Low,1,Random Forest
1018,1,1,0.8102,High,1,Random Forest
4112,0,0,0.0594,Low,1,Random Forest
3951,0,0,0.0386,Low,1,Random Forest
5,1,0,0.3362,Medium,0,Random Forest
194,1,1,0.7197,High,1,Random Forest
1743,1,0,0.1954,Low,0,Random Forest
4807,0,0,0.0317,Low,1,Random Forest
2653,0,0,0.2716,Low,1,Random Forest
6545,0,0,0.1138,Low,1,Random Forest
3837,0,0,0.2122,Low,1,Random Forest
6551,0,1,0.73,High,0,Random Forest
1514,1,1,0.7685,High,1,Random Forest
6420,0,0,0.4542,Medium,1,Random Forest
1182,1,0,0.0235,Low,0,Random Forest
3869,0,0,0.4257,Medium,1,Random Forest
4577,0,0,0.4938,Medium,1,Random Forest
6527,0,0,0.0837,Low,1,Random Forest
3838,0,0,0.0543,Low,1,Random Forest
4616,0,0,0.0849,Low,1,Random Forest
1106,1,1,0.8374,High,1,Random Forest
6027,0,0,0.0181,Low,1,Random Forest
220,1,0,0.4202,Medium,0,Random Forest
5355,0,0,0.0759,Low,1,Random Forest
4134,0,0,0.1951,Low,1,Random Forest
3201,0,0,0.1204,Low,1,Random Forest
3853,0,1,0.6827,High,0,Random Forest
6060,0,1,0.7078,High,0,Random Forest
5719,0,0,0.0925,Low,1,Random Forest
4593,0,0,0.0888,Low,1,Random Forest
2723,0,0,0.0064,Low,1,Random Forest
5975,0,0,0.1875,Low,1,Random Forest
6923,0,0,0.0199,Low,1,Random Forest
6665,0,0,0.1329,Low,1,Random Forest
26,1,0,0.2521,Low,0,Random Forest
3723,0,0,0.01,Low,1,Random Forest
3500,0,0,0.0233,Low,1,Random Forest
719,1,1,0.8513,High,1,Random Forest
2684,0,1,0.899,High,0,Random Forest
2149,0,1,0.5552,Medium,0,Random Forest
370,1,1,0.7887,High,1,Random Forest
1676,1,1,0.5005,Medium,1,Random Forest
6909,0,0,0.0853,Low,1,Random Forest
6015,0,0,0.283,Low,1,Random Forest
1553,1,0,0.4423,Medium,0,Random Forest
2788,0,1,0.773,High,0,Random Forest
6301,0,0,0.131,Low,1,Random Forest
6232,0,0,0.0286,Low,1,Random Forest
6229,0,0,0.0114,Low,1,Random Forest
5236,0,0,0.1512,Low,1,Random Forest
3339,0,1,0.8152,High,0,Random Forest
3717,0,0,0.0491,Low,1,Random Forest
6738,0,1,0.5059,Medium,0,Random Forest
2934,0,1,0.5493,Medium,0,Random Forest
4693,0,0,0.0653,Low,1,Random Forest
1481,1,1,0.8487,High,1,Random Forest
791,1,1,0.6747,High,1,Random Forest
2715,0,0,0.3024,Medium,1,Random Forest
115,1,1,0.55,Medium,1,Random Forest
4989,0,0,0.0134,Low,1,Random Forest
4481,0,1,0.7808,High,0,Random Forest
6613,0,1,0.6593,High,0,Random Forest
810,1,1,0.5877,Medium,1,Random Forest
4482,0,0,0.0675,Low,1,Random Forest
6904,0,0,0.2034,Low,1,Random Forest
6761,0,0,0.0044,Low,1,Random Forest
3908,0,0,0.0373,Low,1,Random Forest
964,1,1,0.9217,High,1,Random Forest
5513,0,0,0.2814,Low,1,Random Forest
4318,0,0,0.2983,Low,1,Random Forest
1314,1,1,0.837,High,1,Random Forest
902,1,0,0.2468,Low,0,Random Forest
164,1,0,0.3109,Medium,0,Random Forest
3712,0,1,0.8609,High,0,Random Forest
4979,0,0,0.0187,Low,1,Random Forest
6075,0,0,0.0768,Low,1,Random Forest
753,1,1,0.8668,High,1,Random Forest
4155,0,0,0.0351,Low,1,Random Forest
3895,0,0,0.023,Low,1,Random Forest
5399,0,0,0.0359,Low,1,Random Forest
7028,0,0,0.3755,Medium,1,Random Forest
4073,0,0,0.0128,Low,1,Random Forest
4490,0,0,0.0255,Low,1,Random Forest
5021,0,1,0.5271,Medium,0,Random Forest
1003,1,0,0.2083,Low,0,Random Forest
857,1,0,0.4867,Medium,0,Random Forest
1995,0,0,0.0763,Low,1,Random Forest
3991,0,1,0.7924,High,0,Random Forest
3010,0,0,0.0272,Low,1,Random Forest
1570,1,1,0.8799,High,1,Random Forest
6572,0,0,0.4762,Medium,1,Random Forest
4920,0,1,0.7752,High,0,Random Forest
6938,0,0,0.1584,Low,1,Random Forest
6992,0,0,0.4614,Medium,1,Random Forest
5860,0,0,0.1413,Low,1,Random Forest
5604,0,0,0.1474,Low,1,Random Forest
2568,0,0,0.1433,Low,1,Random Forest
5644,0,1,0.756,High,0,Random Forest
1028,1,1,0.8972,High,1,Random Forest
4373,0,0,0.1765,Low,1,Random Forest
3828,0,0,0.496,Medium,1,Random Forest
988,1,1,0.8818,High,1,Random Forest
5364,0,1,0.6499,High,0,Random Forest
1674,1,0,0.3948,Medium,0,Random Forest
5111,0,0,0.108,Low,1,Random Forest
4025,0,0,0.1085,Low,1,Random Forest
5986,0,0,0.0335,Low,1,Random Forest
3151,0,0,0.1641,Low,1,Random Forest
2515,0,0,0.07,Low,1,Random Forest
2393,0,0,0.0611,Low,1,Random Forest
1027,1,1,0.6125,High,1,Random Forest
2823,0,0,0.0433,Low,1,Random Forest
3770,0,0,0.019,Low,1,Random Forest
3924,0,0,0.4654,Medium,1,Random Forest
3181,0,0,0.2195,Low,1,Random Forest
713,1,1,0.9159,High,1,Random Forest
4862,0,0,0.3284,Medium,1,Random Forest
3038,0,0,0.074,Low,1,Random Forest
5959,0,0,0.1079,Low,1,Random Forest
3588,0,0,0.0682,Low,1,Random Forest
2171,0,0,0.0128,Low,1,Random Forest
803,1,1,0.8406,High,1,Random Forest
1994,0,0,0.037,Low,1,Random Forest
1011,1,0,0.0709,Low,0,Random Forest
961,1,0,0.372,Medium,0,Random Forest
4643,0,1,0.5341,Medium,0,Random Forest
1778,1,0,0.4211,Medium,0,Random Forest
4010,0,0,0.0211,Low,1,Random Forest
6819,0,1,0.6039,High,0,Random Forest
5016,0,0,0.0146,Low,1,Random Forest
4415,0,0,0.0788,Low,1,Random Forest
6920,0,0,0.1564,Low,1,Random Forest
4655,0,0,0.0308,Low,1,Random Forest
3800,0,1,0.6721,High,0,Random Forest
3256,0,0,0.2254,Low,1,Random Forest
4088,0,0,0.0629,Low,1,Random Forest
6416,0,0,0.2091,Low,1,Random Forest
4572,0,0,0.4806,Medium,1,Random Forest
5441,0,0,0.1931,Low,1,Random Forest
2683,0,0,0.0202,Low,1,Random Forest
1510,1,1,0.8489,High,1,Random Forest
3602,0,1,0.9188,High,0,Random Forest
6019,0,0,0.024,Low,1,Random Forest
655,1,1,0.8002,High,1,Random Forest
5341,0,1,0.6534,High,0,Random Forest
12,1,0,0.4381,Medium,0,Random Forest
3329,0,0,0.0233,Low,1,Random Forest
2324,0,0,0.2654,Low,1,Random Forest
3562,0,0,0.2537,Low,1,Random Forest
6859,0,0,0.1451,Low,1,Random Forest
5512,0,0,0.1019,Low,1,Random Forest
2504,0,0,0.0123,Low,1,Random Forest
4614,0,0,0.2374,Low,1,Random Forest
29,1,0,0.4479,Medium,0,Random Forest
5130,0,0,0.0427,Low,1,Random Forest
1212,1,1,0.8526,High,1,Random Forest
926,1,1,0.7417,High,1,Random Forest
783,1,1,0.7563,High,1,Random Forest
4747,0,0,0.4959,Medium,1,Random Forest
5465,0,0,0.0777,Low,1,Random Forest
1016,1,1,0.851,High,1,Random Forest
2066,0,1,0.5899,Medium,0,Random Forest
5466,0,0,0.0339,Low,1,Random Forest
6941,0,0,0.0733,Low,1,Random Forest
2012,0,0,0.0157,Low,1,Random Forest
6444,0,0,0.045,Low,1,Random Forest
4313,0,1,0.5077,Medium,0,Random Forest
3198,0,0,0.1499,Low,1,Random Forest
883,1,0,0.0912,Low,0,Random Forest
2987,0,0,0.3789,Medium,1,Random Forest
5149,0,0,0.0093,Low,1,Random Forest
1286,1,1,0.5871,Medium,1,Random Forest
4266,0,0,0.0318,Low,1,Random Forest
4083,0,0,0.1149,Low,1,Random Forest
574,1,1,0.7239,High,1,Random Forest
6744,0,0,0.0669,Low,1,Random Forest
1073,1,0,0.0763,Low,0,Random Forest
6760,0,0,0.0141,Low,1,Random Forest
4607,0,0,0.0314,Low,1,Random Forest
4783,0,1,0.6346,High,0,Random Forest
2542,0,0,0.0452,Low,1,Random Forest
1279,1,1,0.6706,High,1,Random Forest
1967,0,0,0.279,Low,1,Random Forest
977,1,1,0.5069,Medium,1,Random Forest
4956,0,0,0.2059,Low,1,Random Forest
5723,0,0,0.2752,Low,1,Random Forest
4599,0,0,0.0328,Low,1,Random Forest
1390,1,0,0.2078,Low,0,Random Forest
4827,0,0,0.0848,Low,1,Random Forest
6648,0,0,0.0234,Low,1,Random Forest
3505,0,0,0.2386,Low,1,Random Forest
5862,0,1,0.5102,Medium,0,Random Forest
773,1,0,0.3244,Medium,0,Random Forest
6012,0,1,0.5086,Medium,0,Random Forest
6705,0,0,0.0424,Low,1,Random Forest
6600,0,0,0.0337,Low,1,Random Forest
4800,0,0,0.0082,Low,1,Random Forest
3265,0,0,0.2696,Low,1,Random Forest
5782,0,0,0.2244,Low,1,Random Forest
98,1,1,0.7614,High,1,Random Forest
4254,0,0,0.2679,Low,1,Random Forest
1618,1,0,0.349,Medium,0,Random Forest
1340,1,0,0.2136,Low,0,Random Forest
2075,0,0,0.2067,Low,1,Random Forest
4767,0,0,0.2262,Low,1,Random Forest
5578,0,0,0.3728,Medium,1,Random Forest
3764,0,0,0.022,Low,1,Random Forest
1698,1,1,0.706,High,1,Random Forest
3679,0,1,0.8488,High,0,Random Forest
1272,1,1,0.8986,High,1,Random Forest
4380,0,0,0.0334,Low,1,Random Forest
5081,0,1,0.6415,High,0,Random Forest
3177,0,0,0.1061,Low,1,Random Forest
3725,0,0,0.131,Low,1,Random Forest
4780,0,1,0.5597,Medium,0,Random Forest
2408,0,1,0.6171,High,0,Random Forest
4341,0,1,0.9092,High,0,Random Forest
303,1,0,0.3667,Medium,0,Random Forest
5289,0,0,0.1992,Low,1,Random Forest
3123,0,0,0.4223,Medium,1,Random Forest
3685,0,0,0.3452,Medium,1,Random Forest
875,1,1,0.5729,Medium,1,Random Forest
5666,0,0,0.0366,Low,1,Random Forest
533,1,1,0.5054,Medium,1,Random Forest
2069,0,0,0.0158,Low,1,Random Forest
2763,0,1,0.9009,High,0,Random Forest
3910,0,0,0.1427,Low,1,Random Forest
4683,0,1,0.5077,Medium,0,Random Forest
3756,0,0,0.0071,Low,1,Random Forest
5646,0,0,0.1425,Low,1,Random Forest
5204,0,0,0.3622,Medium,1,Random Forest
477,1,1,0.7246,High,1,Random Forest
4604,0,0,0.0522,Low,1,Random Forest
2691,0,1,0.5754,Medium,0,Random Forest
807,1,1,0.8909,High,1,Random Forest
1549,1,0,0.2621,Low,0,Random Forest
6282,0,0,0.342,Medium,1,Random Forest
923,1,0,0.2728,Low,0,Random Forest
1213,1,1,0.8821,High,1,Random Forest
5631,0,0,0.1408,Low,1,Random Forest
7027,0,1,0.5875,Medium,0,Random Forest
1148,1,1,0.8217,High,1,Random Forest
7002,0,0,0.0944,Low,1,Random Forest
5876,0,0,0.2101,Low,1,Random Forest
6725,0,0,0.3199,Medium,1,Random Forest
6166,0,0,0.1124,Low,1,Random Forest
3474,0,0,0.0719,Low,1,Random Forest
3071,0,1,0.6557,High,0,Random Forest
1161,1,1,0.7977,High,1,Random Forest
5926,0,0,0.1361,Low,1,Random Forest
1555,1,0,0.0988,Low,0,Random Forest
7012,0,0,0.0982,Low,1,Random Forest
489,1,1,0.6343,High,1,Random Forest
4888,0,0,0.0658,Low,1,Random Forest
5838,0,0,0.3582,Medium,1,Random Forest
6361,0,0,0.3635,Medium,1,Random Forest
5266,0,0,0.3832,Medium,1,Random Forest
3948,0,0,0.1385,Low,1,Random Forest
757,1,0,0.1382,Low,0,Random Forest
5376,0,0,0.1442,Low,1,Random Forest
4201,0,0,0.3703,Medium,1,Random Forest
4147,0,0,0.0123,Low,1,Random Forest
2288,0,0,0.3929,Medium,1,Random Forest
2394,0,1,0.8336,High,0,Random Forest
6130,0,0,0.0188,Low,1,Random Forest
4130,0,1,0.8626,High,0,Random Forest
4564,0,0,0.0029,Low,1,Random Forest
1538,1,1,0.8135,High,1,Random Forest
2825,0,0,0.0258,Low,1,Random Forest
3734,0,0,0.041,Low,1,Random Forest
6550,0,1,0.8257,High,0,Random Forest
3532,0,0,0.0666,Low,1,Random Forest
4550,0,1,0.5769,Medium,0,Random Forest
6419,0,0,0.2766,Low,1,Random Forest
1225,1,1,0.8462,High,1,Random Forest
1198,1,1,0.9452,High,1,Random Forest
1083,1,1,0.7236,High,1,Random Forest
893,1,1,0.6583,High,1,Random Forest
589,1,0,0.0771,Low,0,Random Forest
6213,0,1,0.831,High,0,Random Forest
3688,0,0,0.0077,Low,1,Random Forest
1859,1,1,0.7891,High,1,Random Forest
3504,0,0,0.0245,Low,1,Random Forest
4069,0,1,0.6593,High,0,Random Forest
2253,0,1,0.8406,High,0,Random Forest
1139,1,1,0.8312,High,1,Random Forest
6980,0,0,0.1644,Low,1,Random Forest
418,1,1,0.8168,High,1,Random Forest
3768,0,0,0.0264,Low,1,Random Forest
428,1,0,0.4969,Medium,0,Random Forest
4059,0,0,0.2155,Low,1,Random Forest
6712,0,0,0.0034,Low,1,Random Forest
3930,0,0,0.0545,Low,1,Random Forest
1817,1,1,0.7319,High,1,Random Forest
4426,0,1,0.5181,Medium,0,Random Forest
6511,0,0,0.0174,Low,1,Random Forest
2392,0,0,0.0367,Low,1,Random Forest
5331,0,0,0.0178,Low,1,Random Forest
6033,0,0,0.2745,Low,1,Random Forest
4548,0,0,0.2566,Low,1,Random Forest
6011,0,1,0.8345,High,0,Random Forest
6515,0,0,0.0239,Low,1,Random Forest
5635,0,0,0.2723,Low,1,Random Forest
4195,0,1,0.8402,High,0,Random Forest
6976,0,0,0.3514,Medium,1,Random Forest
3918,0,1,0.5373,Medium,0,Random Forest
1164,1,1,0.6325,High,1,Random Forest
1685,1,0,0.4407,Medium,0,Random Forest
6467,0,0,0.3176,Medium,1,Random Forest
2154,0,0,0.2985,Low,1,Random Forest
3844,0,0,0.019,Low,1,Random Forest
3939,0,0,0.0304,Low,1,Random Forest
5898,0,0,0.1611,Low,1,Random Forest
6302,0,0,0.0227,Low,1,Random Forest
1671,1,1,0.9201,High,1,Random Forest
3187,0,0,0.4881,Medium,1,Random Forest
4630,0,0,0.4328,Medium,1,Random Forest
3593,0,0,0.0568,Low,1,Random Forest
5939,0,0,0.0225,Low,1,Random Forest
837,1,0,0.1589,Low,0,Random Forest
3997,0,1,0.779,High,0,Random Forest
3466,0,1,0.5678,Medium,0,Random Forest
4845,0,1,0.8893,High,0,Random Forest
1325,1,0,0.3065,Medium,0,Random Forest
1086,1,1,0.5394,Medium,1,Random Forest
5317,0,0,0.0217,Low,1,Random Forest
5687,0,0,0.4331,Medium,1,Random Forest
4602,0,0,0.4689,Medium,1,Random Forest
3929,0,1,0.643,High,0,Random Forest
6989,0,0,0.2617,Low,1,Random Forest
3799,0,0,0.0674,Low,1,Random Forest
5936,0,0,0.1827,Low,1,Random Forest
1169,1,1,0.5658,Medium,1,Random Forest
2514,0,0,0.068,Low,1,Random Forest
1130,1,1,0.7573,High,1,Random Forest
4677,0,0,0.0122,Low,1,Random Forest
3628,0,0,0.0565,Low,1,Random Forest
4741,0,0,0.4287,Medium,1,Random Forest
4371,0,0,0.0587,Low,1,Random Forest
3950,0,0,0.4503,Medium,1,Random Forest
4738,0,0,0.0047,Low,1,Random Forest
2591,0,0,0.2217,Low,1,Random Forest
2951,0,0,0.2081,Low,1,Random Forest
2643,0,0,0.1356,Low,1,Random Forest
5242,0,0,0.1571,Low,1,Random Forest
2991,0,1,0.5409,Medium,0,Random Forest
825,1,0,0.3427,Medium,0,Random Forest
6605,0,0,0.0253,Low,1,Random Forest
5193,0,0,0.0162,Low,1,Random Forest
3369,0,1,0.8176,High,0,Random Forest
5260,0,0,0.3262,Medium,1,Random Forest
1235,1,0,0.2597,Low,0,Random Forest
3023,0,0,0.0701,Low,1,Random Forest
5088,0,0,0.0248,Low,1,Random Forest
3866,0,1,0.7158,High,0,Random Forest
2059,0,0,0.3092,Medium,1,Random Forest
5430,0,0,0.2142,Low,1,Random Forest
5194,0,0,0.0602,Low,1,Random Forest
4993,0,0,0.0362,Low,1,Random Forest
4586,0,0,0.1858,Low,1,Random Forest
3907,0,0,0.2996,Low,1,Random Forest
362,1,1,0.8816,High,1,Random Forest
2860,0,0,0.4526,Medium,1,Random Forest
6413,0,0,0.1576,Low,1,Random Forest
3314,0,0,0.0658,Low,1,Random Forest
2929,0,0,0.2583,Low,1,Random Forest
2950,0,0,0.1754,Low,1,Random Forest
1845,1,1,0.7769,High,1,Random Forest
3675,0,0,0.0737,Low,1,Random Forest
3494,0,0,0.2956,Low,1,Random Forest
6369,0,0,0.023,Low,1,Random Forest
2853,0,0,0.0602,Low,1,Random Forest
638,1,0,0.4016,Medium,0,Random Forest
6565,0,0,0.0665,Low,1,Random Forest
2260,0,0,0.0672,Low,1,Random Forest
6167,0,1,0.8099,High,0,Random Forest
981,1,0,0.4409,Medium,0,Random Forest
4408,0,0,0.0448,Low,1,Random Forest
6151,0,0,0.0258,Low,1,Random Forest
6846,0,0,0.056,Low,1,Random Forest
4923,0,1,0.5804,Medium,0,Random Forest
4049,0,0,0.049,Low,1,Random Forest
5812,0,0,0.0191,Low,1,Random Forest
354,1,1,0.8064,High,1,Random Forest
5217,0,0,0.0135,Low,1,Random Forest
238,1,1,0.7842,High,1,Random Forest
6604,0,0,0.0049,Low,1,Random Forest
4938,0,0,0.0113,Low,1,Random Forest
1517,1,1,0.7349,High,1,Random Forest
2485,0,0,0.0493,Low,1,Random Forest
5448,0,0,0.3187,Medium,1,Random Forest
1546,1,1,0.7872,High,1,Random Forest
6123,0,0,0.2604,Low,1,Random Forest
1170,1,1,0.8936,High,1,Random Forest
6845,0,0,0.3655,Medium,1,Random Forest
3253,0,0,0.0399,Low,1,Random Forest
1903,0,0,0.0281,Low,1,Random Forest
3517,0,0,0.2103,Low,1,Random Forest
3671,0,0,0.235,Low,1,Random Forest
4442,0,0,0.3601,Medium,1,Random Forest
4760,0,1,0.67,High,0,Random Forest
6876,0,0,0.4384,Medium,1,Random Forest
6800,0,0,0.1296,Low,1,Random Forest
5469,0,0,0.1335,Low,1,Random Forest
2747,0,0,0.2538,Low,1,Random Forest
1262,1,0,0.4631,Medium,0,Random Forest
5856,0,0,0.0866,Low,1,Random Forest
5120,0,0,0.1436,Low,1,Random Forest
5199,0,0,0.0646,Low,1,Random Forest
4232,0,1,0.7208,High,0,Random Forest
1534,1,1,0.8296,High,1,Random Forest
5105,0,1,0.62,High,0,Random Forest
2741,0,1,0.5488,Medium,0,Random Forest
6763,0,0,0.0143,Low,1,Random Forest
2431,0,0,0.0428,Low,1,Random Forest
1868,1,1,0.7156,High,1,Random Forest
5039,0,0,0.0678,Low,1,Random Forest
886,1,1,0.8574,High,1,Random Forest
2720,0,0,0.3726,Medium,1,Random Forest
5570,0,1,0.8177,High,0,Random Forest
1356,1,1,0.7676,High,1,Random Forest
4514,0,0,0.2506,Low,1,Random Forest
6555,0,0,0.1746,Low,1,Random Forest
4393,0,0,0.036,Low,1,Random Forest
5720,0,0,0.4184,Medium,1,Random Forest
4765,0,0,0.0761,Low,1,Random Forest
1147,1,0,0.0268,Low,0,Random Forest
1468,1,0,0.0836,Low,0,Random Forest
601,1,1,0.52,Medium,1,Random Forest
5060,0,1,0.7836,High,0,Random Forest
5254,0,0,0.0266,Low,1,Random Forest
4637,0,0,0.4776,Medium,1,Random Forest
2281,0,0,0.0083,Low,1,Random Forest
5883,0,1,0.5394,Medium,0,Random Forest
3024,0,0,0.347,Medium,1,Random Forest
4029,0,0,0.0963,Low,1,Random Forest
1203,1,1,0.9076,High,1,Random Forest
3813,0,0,0.0664,Low,1,Random Forest
3145,0,0,0.0378,Low,1,Random Forest
5153,0,1,0.6223,High,0,Random Forest
3144,0,0,0.2961,Low,1,Random Forest
6391,0,0,0.0167,Low,1,Random Forest
2336,0,0,0.2723,Low,1,Random Forest
652,1,1,0.7455,High,1,Random Forest
571,1,1,0.8959,High,1,Random Forest
808,1,1,0.7441,High,1,Random Forest
4757,0,0,0.4572,Medium,1,Random Forest
1732,1,1,0.569,Medium,1,Random Forest
5010,0,0,0.0472,Low,1,Random Forest
5055,0,0,0.0954,Low,1,Random Forest
5599,0,1,0.8244,High,0,Random Forest
2033,0,0,0.0245,Low,1,Random Forest
4255,0,0,0.1702,Low,1,Random Forest
2071,0,0,0.4911,Medium,1,Random Forest
18,1,1,0.5986,Medium,1,Random Forest
2206,0,0,0.0875,Low,1,Random Forest
5446,0,0,0.0456,Low,1,Random Forest
6713,0,0,0.0085,Low,1,Random Forest
4231,0,0,0.0593,Low,1,Random Forest
3934,0,0,0.3855,Medium,1,Random Forest
129,1,1,0.7938,High,1,Random Forest
5852,0,0,0.0256,Low,1,Random Forest
778,1,1,0.5619,Medium,1,Random Forest
2592,0,0,0.0312,Low,1,Random Forest
797,1,1,0.5984,Medium,1,Random Forest
1827,1,1,0.7814,High,1,Random Forest
725,1,1,0.542,Medium,1,Random Forest
5046,0,1,0.8379,High,0,Random Forest
1260,1,0,0.383,Medium,0,Random Forest
3112,0,0,0.0143,Low,1,Random Forest
6094,0,0,0.0064,Low,1,Random Forest
5097,0,0,0.0251,Low,1,Random Forest
1767,1,0,0.1379,Low,0,Random Forest
162,1,1,0.7886,High,1,Random Forest
3886,0,0,0.3105,Medium,1,Random Forest
1268,1,1,0.6913,High,1,Random Forest
6343,0,0,0.4949,Medium,1,Random Forest
555,1,1,0.8,High,1,Random Forest
1357,1,0,0.4687,Medium,0,Random Forest
6925,0,1,0.7697,High,0,Random Forest
5313,0,0,0.0304,Low,1,Random Forest
3722,0,0,0.0119,Low,1,Random Forest
1405,1,1,0.61,High,1,Random Forest
6417,0,0,0.0048,Low,1,Random Forest
71,1,1,0.6279,High,1,Random Forest
1774,1,1,0.8006,High,1,Random Forest
365,1,1,0.6157,High,1,Random Forest
1424,1,0,0.496,Medium,0,Random Forest
4878,0,0,0.3717,Medium,1,Random Forest
2030,0,0,0.0729,Low,1,Random Forest
367,1,1,0.7161,High,1,Random Forest
1681,1,1,0.861,High,1,Random Forest
5759,0,0,0.0104,Low,1,Random Forest
4825,0,0,0.1168,Low,1,Random Forest
3555,0,0,0.0217,Low,1,Random Forest
3121,0,0,0.024,Low,1,Random Forest
2058,0,0,0.2973,Low,1,Random Forest
6590,0,0,0.1669,Low,1,Random Forest
5948,0,1,0.6847,High,0,Random Forest
6493,0,1,0.869,High,0,Random Forest
1216,1,1,0.6655,High,1,Random Forest
6047,0,0,0.1441,Low,1,Random Forest
684,1,1,0.8585,High,1,Random Forest
4106,0,0,0.1102,Low,1,Random Forest
2002,0,0,0.2951,Low,1,Random Forest
297,1,1,0.7849,High,1,Random Forest
3925,0,0,0.3289,Medium,1,Random Forest
5367,0,0,0.0429,Low,1,Random Forest
383,1,0,0.3747,Medium,0,Random Forest
2914,0,1,0.6087,High,0,Random Forest
1999,0,0,0.1799,Low,1,Random Forest
6193,0,0,0.1518,Low,1,Random Forest
3397,0,0,0.0383,Low,1,Random Forest
193,1,1,0.7367,High,1,Random Forest
6546,0,0,0.4986,Medium,1,Random Forest
282,1,1,0.7941,High,1,Random Forest
6057,0,0,0.1593,Low,1,Random Forest
5245,0,1,0.7842,High,0,Random Forest
4312,0,1,0.73,High,0,Random Forest
2897,0,1,0.6067,High,0,Random Forest
2835,0,0,0.3422,Medium,1,Random Forest
5716,0,0,0.0194,Low,1,Random Forest
5315,0,0,0.1235,Low,1,Random Forest
6615,0,0,0.0834,Low,1,Random Forest
145,1,1,0.8957,High,1,Random Forest
2346,0,0,0.1803,Low,1,Random Forest
2881,0,0,0.0218,Low,1,Random Forest
460,1,0,0.4816,Medium,0,Random Forest
4437,0,0,0.3731,Medium,1,Random Forest
6768,0,0,0.2182,Low,1,Random Forest
3442,0,0,0.0964,Low,1,Random Forest
2768,0,0,0.0174,Low,1,Random Forest
1307,1,0,0.2935,Low,0,Random Forest
6249,0,0,0.217,Low,1,Random Forest
3851,0,0,0.2818,Low,1,Random Forest
3556,0,1,0.7252,High,0,Random Forest
3839,0,0,0.3268,Medium,1,Random Forest
6780,0,0,0.0268,Low,1,Random Forest
462,1,1,0.8868,High,1,Random Forest
3916,0,0,0.1487,Low,1,Random Forest
4131,0,1,0.6131,High,0,Random Forest
4425,0,0,0.1379,Low,1,Random Forest
2582,0,1,0.8334,High,0,Random Forest
257,1,1,0.7189,High,1,Random Forest
422,1,1,0.5326,Medium,1,Random Forest
5320,0,0,0.0759,Low,1,Random Forest
2357,0,0,0.0057,Low,1,Random Forest
4434,0,1,0.611,High,0,Random Forest
1818,1,1,0.8842,High,1,Random Forest
3364,0,1,0.8301,High,0,Random Forest
277,1,1,0.7584,High,1,Random Forest
770,1,1,0.8204,High,1,Random Forest
5588,0,1,0.5466,Medium,0,Random Forest
5371,0,0,0.0486,Low,1,Random Forest
6720,0,0,0.046,Low,1,Random Forest
2819,0,0,0.0056,Low,1,Random Forest
1310,1,1,0.7729,High,1,Random Forest
5890,0,0,0.0333,Low,1,Random Forest
5309,0,1,0.5758,Medium,0,Random Forest
5183,0,0,0.3202,Medium,1,Random Forest
33,1,1,0.5438,Medium,1,Random Forest
5632,0,0,0.12,Low,1,Random Forest
6630,0,1,0.5888,Medium,0,Random Forest
691,1,1,0.8352,High,1,Random Forest
2094,0,0,0.0241,Low,1,Random Forest
3565,0,0,0.1003,Low,1,Random Forest
5025,0,0,0.0049,Low,1,Random Forest
5514,0,0,0.1098,Low,1,Random Forest
6357,0,0,0.1823,Low,1,Random Forest
6383,0,0,0.2276,Low,1,Random Forest
2828,0,1,0.6373,High,0,Random Forest
6945,0,0,0.0197,Low,1,Random Forest
3160,0,0,0.188,Low,1,Random Forest
3035,0,0,0.3551,Medium,1,Random Forest
1532,1,0,0.2797,Low,0,Random Forest
3663,0,0,0.0306,Low,1,Random Forest
6537,0,1,0.5826,Medium,0,Random Forest
1599,1,1,0.5753,Medium,1,Random Forest
2764,0,0,0.2777,Low,1,Random Forest
456,1,1,0.9097,High,1,Random Forest
4462,0,0,0.0775,Low,1,Random Forest
440,1,1,0.5784,Medium,1,Random Forest
6178,0,0,0.4202,Medium,1,Random Forest
6103,0,0,0.05,Low,1,Random Forest
1609,1,1,0.726,High,1,Random Forest
4926,0,0,0.1307,Low,1,Random Forest
641,1,1,0.8516,High,1,Random Forest
2110,0,0,0.0243,Low,1,Random Forest
6671,0,0,0.0639,Low,1,Random Forest
4466,0,0,0.0408,Low,1,Random Forest
6646,0,0,0.3113,Medium,1,Random Forest
2244,0,0,0.1239,Low,1,Random Forest
2696,0,0,0.0178,Low,1,Random Forest
6055,0,0,0.2102,Low,1,Random Forest
490,1,1,0.8582,High,1,Random Forest
5976,0,0,0.0557,Low,1,Random Forest
3450,0,1,0.827,High,0,Random Forest
380,1,1,0.8333,High,1,Random Forest
5225,0,0,0.3949,Medium,1,Random Forest
5794,0,0,0.131,Low,1,Random Forest
3217,0,0,0.0024,Low,1,Random Forest
1657,1,1,0.8616,High,1,Random Forest
3398,0,0,0.2245,Low,1,Random Forest
949,1,0,0.3631,Medium,0,Random Forest
140,1,1,0.5122,Medium,1,Random Forest
6403,0,0,0.1191,Low,1,Random Forest
6995,0,0,0.2942,Low,1,Random Forest
5556,0,0,0.4486,Medium,1,Random Forest
3514,0,0,0.0861,Low,1,Random Forest
1935,0,0,0.0179,Low,1,Random Forest
3183,0,0,0.3337,Medium,1,Random Forest
170,1,0,0.4248,Medium,0,Random Forest
4730,0,1,0.8694,High,0,Random Forest
570,1,1,0.9215,High,1,Random Forest
6054,0,0,0.0664,Low,1,Random Forest
11,1,1,0.6704,High,1,Random Forest
453,1,1,0.9199,High,1,Random Forest
5040,0,0,0.0052,Low,1,Random Forest
2111,0,0,0.4315,Medium,1,Random Forest
227,1,1,0.7188,High,1,Random Forest
6969,0,0,0.3924,Medium,1,Random Forest
2931,0,0,0.4009,Medium,1,Random Forest
2335,0,0,0.4071,Medium,1,Random Forest
5753,0,0,0.0552,Low,1,Random Forest
3488,0,0,0.0093,Low,1,Random Forest
5638,0,1,0.8839,High,0,Random Forest
2732,0,1,0.5218,Medium,0,Random Forest
717,1,1,0.7315,High,1,Random Forest
4124,0,0,0.0223,Low,1,Random Forest
3353,0,0,0.0408,Low,1,Random Forest
6181,0,0,0.0359,Low,1,Random Forest
2257,0,0,0.1605,Low,1,Random Forest
6692,0,0,0.1771,Low,1,Random Forest
2597,0,0,0.075,Low,1,Random Forest
1872,0,0,0.3096,Medium,1,Random Forest
5170,0,0,0.0543,Low,1,Random Forest
582,1,0,0.4194,Medium,0,Random Forest
3994,0,0,0.0196,Low,1,Random Forest
4193,0,0,0.2677,Low,1,Random Forest
6394,0,0,0.2062,Low,1,Random Forest
6364,0,0,0.2992,Low,1,Random Forest
925,1,1,0.7219,High,1,Random Forest
3697,0,0,0.129,Low,1,Random Forest
2694,0,0,0.2119,Low,1,Random Forest
3347,0,0,0.1066,Low,1,Random Forest
1850,1,0,0.3285,Medium,0,Random Forest
3703,0,0,0.0185,Low,1,Random Forest
502,1,1,0.7194,High,1,Random Forest
4559,0,0,0.0121,Low,1,Random Forest
750,1,1,0.6109,High,1,Random Forest
6667,0,0,0.2091,Low,1,Random Forest
3472,0,0,0.1646,Low,1,Random Forest
5258,0,0,0.2175,Low,1,Random Forest
2507,0,0,0.4637,Medium,1,Random Forest
1485,1,1,0.7303,High,1,Random Forest
6354,0,0,0.0127,Low,1,Random Forest
5471,0,0,0.1038,Low,1,Random Forest
2477,0,0,0.1899,Low,1,Random Forest
1527,1,1,0.7512,High,1,Random Forest
5506,0,0,0.2835,Low,1,Random Forest
144,1,1,0.6446,High,1,Random Forest
374,1,1,0.8064,High,1,Random Forest
2946,0,0,0.0253,Low,1,Random Forest
5345,0,0,0.1013,Low,1,Random Forest
3008,0,0,0.2679,Low,1,Random Forest
452,1,1,0.6858,High,1,Random Forest
1422,1,1,0.8086,High,1,Random Forest
4948,0,0,0.0066,Low,1,Random Forest
4788,0,0,0.0328,Low,1,Random Forest
3917,0,0,0.0209,Low,1,Random Forest
6195,0,0,0.1219,Low,1,Random Forest
3211,0,0,0.0226,Low,1,Random Forest
5641,0,0,0.0968,Low,1,Random Forest
1311,1,1,0.7806,High,1,Random Forest
43,1,0,0.4823,Medium,0,Random Forest
4816,0,0,0.0247,Low,1,Random Forest
2586,0,0,0.2877,Low,1,Random Forest
2692,0,0,0.1316,Low,1,Random Forest
3029,0,0,0.1176,Low,1,Random Forest
918,1,1,0.6094,High,1,Random Forest
3508,0,0,0.0774,Low,1,Random Forest
6620,0,0,0.4101,Medium,1,Random Forest
2567,0,1,0.8837,High,0,Random Forest
5141,0,0,0.1087,Low,1,Random Forest
5059,0,0,0.3399,Medium,1,Random Forest
4351,0,0,0.0274,Low,1,Random Forest
5243,0,0,0.3759,Medium,1,Random Forest
2820,0,0,0.2274,Low,1,Random Forest
147,1,0,0.2567,Low,0,Random Forest
121,1,0,0.2293,Low,0,Random Forest
1924,0,0,0.2465,Low,1,Random Forest
3409,0,0,0.4657,Medium,1,Random Forest
4770,0,0,0.2842,Low,1,Random Forest
1497,1,1,0.8714,High,1,Random Forest
6505,0,0,0.0035,Low,1,Random Forest
5330,0,0,0.3432,Medium,1,Random Forest
5402,0,0,0.3379,Medium,1,Random Forest
6862,0,0,0.0351,Low,1,Random Forest
4420,0,0,0.2169,Low,1,Random Forest
2248,0,0,0.2828,Low,1,Random Forest
1745,1,1,0.7789,High,1,Random Forest
149,1,1,0.5508,Medium,1,Random Forest
4701,0,0,0.0279,Low,1,Random Forest
6890,0,0,0.0866,Low,1,Random Forest
972,1,1,0.6279,High,1,Random Forest
1454,1,1,0.5712,Medium,1,Random Forest
16,1,0,0.4648,Medium,0,Random Forest
5091,0,0,0.0563,Low,1,Random Forest
5005,0,0,0.1261,Low,1,Random Forest
3074,0,0,0.3823,Medium,1,Random Forest
3721,0,0,0.01,Low,1,Random Forest
4432,0,0,0.2282,Low,1,Random Forest
389,1,0,0.3357,Medium,0,Random Forest
2644,0,0,0.2188,Low,1,Random Forest
4651,0,0,0.1465,Low,1,Random Forest
980,1,1,0.5915,Medium,1,Random Forest
6728,0,0,0.0315,Low,1,Random Forest
6460,0,1,0.5377,Medium,0,Random Forest
4718,0,0,0.3604,Medium,1,Random Forest
2118,0,0,0.0333,Low,1,Random Forest
758,1,1,0.8769,High,1,Random Forest
6587,0,0,0.0279,Low,1,Random Forest
6576,0,1,0.7048,High,0,Random Forest
4986,0,1,0.7206,High,0,Random Forest
3148,0,0,0.2832,Low,1,Random Forest
5612,0,0,0.0384,Low,1,Random Forest
375,1,1,0.7638,High,1,Random Forest
5386,0,0,0.1785,Low,1,Random Forest
1985,0,0,0.0571,Low,1,Random Forest
5343,0,0,0.0185,Low,1,Random Forest
4598,0,0,0.09,Low,1,Random Forest
5660,0,0,0.0313,Low,1,Random Forest
5150,0,0,0.0059,Low,1,Random Forest
4708,0,0,0.1761,Low,1,Random Forest
5381,0,0,0.0367,Low,1,Random Forest
6000,0,0,0.0139,Low,1,Random Forest
